Sample	peti	donor_donation	acetic_acid	propionic_acid	butyric_acid	shannon_entropy	chao1	fisher_alpha	margalef	gini_index	menhinick	strong	simpson	faith_pd	pielou_evenness	[Eubacterium]	[Ruminococcus]	1-68	Acidaminococcus	Acinetobacter	Adlercreutzia	AF12	Akkermansia	Alistipes	Anaerostipes	Anaerotruncus	Bacteroides	Barnesiella	Bifidobacterium	Bilophila	Blautia	Butyricicoccus	Butyricimonas	Campylobacter	Catenibacterium	cc_115	Citrobacter	Collinsella	Coprobacillus	Coprococcus	Dehalobacterium	Desulfovibrio	Dialister	Dorea	Enterobacter	Enterococcus	Epulopiscium	Faecalibacterium	Fusobacterium	Gemmiger	Gluconacetobacter	Granulicatella	Haemophilus	Hafnia	Holdemania	human	Klebsiella	Lachnobacterium	Lachnospira	Lactobacillus	Lactococcus	Megamonas	Megasphaera	Methanobrevibacter	Mitsuokella	Morganella	Odoribacter	Oscillospira	Oxalobacter	Parabacteroides	Paraprevotella	Peptococcus	Phascolarctobacterium	Porphyromonas	Prevotella	Pseudomonas	Pseudoramibacter_Eubacterium	rc4-4	RFN20	Rikenella	Roseburia	Ruminococcus	Serratia	Slackia	SMB53	Sneathia	Streptococcus	Sutterella	Synergistes	Turicibacter	Veillonella	WAL_1855D	Weissella
A1-Placa-E2	216133466	CGR32F_7th	335.535	77.305	75.76	6.81360789133701	202.666666666667	32.2192965004705	20.4871032809486	0.978459479905437	1.6166632302369	0.393331313131313	0.985497955555556	23.0567193569333	0.893077651319163	0	30	0	1076	0	0	0	250	78	72	0	14159	0	81	131	112	28	134	0	0	0	0	0	0	1451	0	0	28	51	0	0	0	2362	0	502	0	0	0	0	26	0	0	68	4880	0	0	0	0	0	0	0	541	2063	0	1061	0	0	1296	0	0	0	0	0	0	0	1284	1435	0	0	0	0	0	670	0	0	0	0	0
A10-Placa-E2	226170254	CLA33F_11th	177.055	60.304	162.521	6.6279466957516	152	23.5331964064291	15.7033126671231	0.981827832939322	1.24107480301014	0.364291228070175	0.986362711111111	19.9984433015347	0.914460952245723	0	152	0	0	0	0	0	0	510	770	0	6540	0	51	0	460	62	0	0	0	0	0	0	0	750	0	0	0	378	0	0	0	5665	0	551	0	0	96	0	0	0	0	0	1588	0	0	0	0	0	0	0	148	893	0	783	0	0	0	0	0	16	0	0	0	0	3747	705	0	0	0	0	0	238	0	0	39	0	0
A11-Placa-E2	226175993	MBD34F_3rd	43.738	22.755	24.133	7.18457215404656	236.166666666667	39.7601805410859	24.4389303097611	0.973649676910953	1.92693193098943	0.39745197740113	0.990653031111111	25.6112294218517	0.911442026368072	0	0	0	0	0	0	0	724	793	55	0	13770	0	25	52	72	83	134	0	0	0	0	0	0	1003	0	36	0	130	0	0	0	692	0	63	0	0	0	0	0	0	0	1002	2133	0	0	0	0	15	0	0	161	2282	45	1058	595	0	548	0	1365	0	0	0	0	0	1534	1040	0	0	0	0	0	416	0	0	0	0	0
A12-Placa-E2	226180072	FBG21M_4th	186.828	45.972	42.603	6.68798200163129	185	29.7131771930332	19.1351624553023	0.980880724980299	1.51051867471629	0.414625225225225	0.985226071111111	23.4536974731269	0.888015304588329	27	653	0	0	0	0	0	388	58	0	0	14629	0	85	60	439	81	132	0	0	0	0	16	0	12	0	0	1422	259	0	0	0	4330	0	1244	0	0	58	0	21	0	0	0	214	0	0	0	0	0	0	0	495	2811	8	1323	0	0	733	0	8	0	0	0	0	0	1051	2448	0	0	65	0	118	89	0	0	387	0	0
A2-Placa-E2	216133396	RTF49M_4th	52.3	14.189	16.146	6.85792426608873	176.142857142857	27.6235316052011	17.9912125259092	0.978886241134752	1.42070405081424	0.371287356321839	0.989447253333333	21.2673271827775	0.921399479911907	356	1	0	0	0	0	0	0	479	36	0	9577	0	0	0	184	105	0	0	343	0	0	0	0	408	0	0	352	56	0	16	0	2276	0	732	0	0	35	0	0	0	0	0	1704	0	0	0	0	0	0	0	483	862	0	679	633	0	0	0	0	0	0	0	0	0	1237	438	0	0	0	0	84	997	0	0	33	0	0
A3-Placa-E1	226185617	SMP48F_6th	47.03	18.593	17.575	6.64547403225239	189.333333333333	30.4801332356711	19.5511442478089	0.981087470449173	1.5431785379534	0.425666666666667	0.983496133333333	24.3820743061735	0.878770298472267	0	0	0	0	0	0	0	987	375	0	0	2328	0	387	42	0	15	184	0	0	0	0	146	0	849	0	0	278	304	0	0	0	712	0	501	0	0	0	0	0	0	0	0	522	0	0	0	0	0	0	0	191	1394	32	580	511	0	0	0	5778	0	0	0	0	0	992	758	0	0	0	0	0	0	0	0	0	0	0
A3-Placa-E2	216136699	RTF49M_10th	368.794	130.632	87.098	6.41601878215981	144.75	22.0765424233851	14.8713490821099	0.984270260047281	1.17575507653593	0.404088888888889	0.98345552	21.0472244029335	0.894851589224316	69	19	0	0	0	0	0	0	0	240	0	13439	0	0	0	68	0	0	0	102	0	0	16	0	80	0	0	673	19	0	0	0	2351	0	283	0	0	190	0	0	0	0	0	1173	0	0	0	0	0	0	0	172	1330	0	1384	709	0	330	0	0	0	0	0	0	0	820	66	0	0	0	0	12	1082	0	0	61	0	0
A4-Placa-E2	216139548	RTF49M_15th	131.285	36.449	82.125	6.51562403052201	138	20.9952776350204	14.2473763933501	0.983216327817179	1.12676528168026	0.358347826086957	0.985854266666667	19.9961861479457	0.916593038420117	191	35	0	0	0	0	0	0	740	399	0	7175	0	33	0	193	67	0	0	285	0	0	0	0	76	0	0	1022	98	0	0	0	2370	0	439	0	0	0	0	0	0	0	0	2538	0	0	0	0	0	0	0	363	1444	0	526	820	0	70	0	0	0	0	0	0	0	1066	175	0	0	0	0	73	0	0	8	71	0	0
A5-Placa-E2	216142212	EDR39F_1st	126.031	67.067	57.832	6.35600948630997	164	25.749261653742	16.9512580446428	0.983574783293932	1.33905439272147	0.422343089430894	0.976404222222222	22.0796479657253	0.863875577409513	0	129	0	0	0	0	0	387	1147	37	0	13484	0	0	377	104	0	0	330	0	0	0	0	21	1302	0	0	815	65	0	0	0	439	0	73	0	0	0	0	21	0	0	0	1537	0	0	0	0	0	0	0	550	4000	0	0	0	0	0	0	0	0	0	0	0	158	1008	972	0	0	0	0	0	0	0	0	0	0	0
A6-Placa-E2	216144512	ATH27F_1st	66.993	32.342	25.33	6.82400361707006	204.2	33.1934566634975	21.0070805215819	0.979064523246651	1.65748805928328	0.42183908045977	0.986543706666667	23.2812038865366	0.890241952967918	0	0	0	0	0	0	0	0	516	40	0	5188	0	0	0	17	16	114	0	37	0	0	0	0	0	6	140	14	116	0	0	0	1305	0	130	0	0	37	0	0	0	0	340	744	0	0	0	510	0	465	0	241	2242	19	926	207	0	1238	0	9232	0	0	0	0	0	415	443	0	0	0	0	51	257	0	6	36	0	0
A7-Placa-E2	216148019	MPP28F_4th	25.242	17.77	17.3	6.76361576053012	244	40.3686185800405	24.750916654141	0.978012009456265	1.95142682841727	0.444576569037657	0.981326622222222	26.4838923254066	0.856059964673512	0	0	0	0	0	0	7	139	1897	54	0	19200	0	2	99	462	66	323	0	0	0	0	0	0	823	0	0	0	191	0	0	0	1433	0	635	0	0	0	0	5	0	0	0	2009	0	0	0	0	0	0	0	355	2055	35	1076	471	0	0	0	37	0	0	0	0	0	408	1280	0	0	0	0	23	84	0	0	0	0	0
A8-Placa-E2	216152718	CLA33F_6th	44.342	11.592	63.25	6.43189268584021	121	17.986139828078	12.4794537751971	0.983842080378251	0.987960862922548	0.318512396694215	0.985634631111111	19.1062330660105	0.929616971063847	0	24	0	0	0	0	0	0	312	199	0	8189	0	0	0	114	0	0	0	0	0	0	0	0	205	0	0	0	40	0	0	0	3963	0	78	0	0	16	0	0	0	0	0	2378	0	0	0	0	0	0	0	144	608	0	1061	0	0	563	0	0	0	0	0	0	0	2059	206	0	0	0	0	0	611	0	0	0	0	0
A9-Placa-E2	226162864	AML29F_1st	68.836	25.983	30.111	6.6466139140389	139	21.1748091650367	14.3513718414767	0.981527659574468	1.13493024748954	0.327455635491607	0.987817324444444	20.2489523629349	0.933652048266793	0	0	0	0	0	0	0	0	58	0	19	6468	0	34	133	819	0	17	0	0	0	0	0	0	107	0	0	925	46	0	0	0	1512	0	597	0	0	0	0	0	0	0	0	440	0	0	0	0	0	0	283	320	1579	0	1005	2053	0	0	0	610	0	0	0	0	0	563	979	0	0	0	0	24	0	0	0	46	0	0
B1-Placa-E2	216133434	MGM31F_4th	112.83	13.904	26.293	7.31529906514369	289.2	49.2887142560178	29.2227209235866	0.96917853427896	2.30252035821619	0.386028368794326	0.989125537777778	27.495510921499	0.898734923883466	0	112	0	0	0	0	0	155	1250	21	19	13557	0	0	170	730	89	169	0	0	0	0	0	0	1534	0	0	0	61	0	0	0	1528	0	394	0	0	331	0	0	0	0	0	3423	0	0	0	0	31	0	0	477	2371	20	1385	0	0	409	0	0	0	0	11	0	0	243	1534	0	0	0	0	44	1006	120	8	24	0	0
B10-Placa-E2	226172334	GFG29M_14th	162.318	102.295	94.346	6.78037362134613	200.5	32.0251419271239	20.383107832822	0.979521229314421	1.60849826442762	0.414431472081218	0.986019111111111	22.6695328996483	0.889573277898512	0	308	0	0	0	0	0	0	1250	528	0	7189	0	42	154	162	0	114	0	0	0	0	0	0	0	0	0	987	123	0	0	0	1109	0	413	0	0	26	0	3	0	0	0	325	0	0	0	0	0	109	0	153	2358	0	830	0	0	0	0	6766	0	0	0	0	0	1499	549	0	0	0	0	0	501	0	0	0	0	0
B11-Placa-E2	226176937	GFG29M_14.2th	176.793	96.661	74.507	6.68270898654659	204.25	33.3889621791539	21.1110759697085	0.980055508274232	1.66565302509256	0.439423529411765	0.982368773333333	23.0955376612216	0.871003455711622	0	242	0	0	0	0	0	0	1673	374	0	6137	0	152	143	340	27	199	0	0	0	0	21	10	18	9	0	809	635	0	0	0	1286	0	538	0	0	20	0	0	0	0	0	447	0	0	0	0	0	96	0	388	2877	0	395	0	0	0	0	7364	0	0	0	0	0	4401	565	0	0	0	0	0	275	0	0	8	3	0
B12-Placa-E2	226181705	AML29F_4th	83.89	23.714	15.139	6.89099703255038	179	28.190568652684	18.3031988702891	0.978029976359338	1.44519894824208	0.345868926553672	0.988676506666667	21.9323161140256	0.922785354198815	0	95	0	0	0	0	0	0	383	0	43	8658	0	86	248	1426	146	95	0	0	0	0	0	0	657	0	44	852	61	0	0	0	380	0	443	0	0	0	0	0	0	0	146	313	0	0	0	0	0	0	0	183	2391	0	1417	1830	0	0	0	1224	0	11	0	0	0	1162	1583	0	0	0	0	87	0	0	0	0	0	0
B2-Placa-E1	226182874	AGS29F_2nd	37.43	13.678	11.979	7.27590080763929	233	38.1468517454045	23.6069667247479	0.971833884948779	1.86161220451522	0.363315789473684	0.992021928888889	30.3659494066057	0.928890970571754	979	121	0	262	0	0	0	0	610	116	0	4962	0	253	95	170	161	175	0	0	0	0	134	0	541	0	262	0	449	0	0	0	1123	0	1034	0	0	0	0	0	325	0	355	644	0	0	0	0	42	0	0	210	2240	0	933	426	0	528	0	1348	0	0	0	0	0	358	1974	0	7	0	0	115	239	0	0	0	0	0
B2-Placa-E2	216133430	JMJ44M_1st	33.754	15.39	13.775	7.01025263924302	203.2	32.4136776559837	20.5910987290753	0.976349535066982	1.62482819604617	0.364157118927973	0.989699244444444	24.8445852618692	0.917977900915072	126	0	0	50	0	0	0	84	481	39	0	7795	0	0	55	190	0	58	0	0	0	0	0	0	243	0	62	203	97	0	0	0	1622	0	698	0	0	0	0	0	347	0	0	399	0	0	0	77	0	0	0	107	1270	29	572	165	0	0	0	969	0	0	0	37	0	1084	1188	0	0	0	0	144	398	0	0	0	0	0
B3-Placa-E1	226185623	CLA33F_22nd	218.968	110.421	179.234	6.86402936786671	167	26.3089551621899	17.2632443890227	0.978584806934594	1.3635492901493	0.340754491017964	0.988774711111111	19.8658159459797	0.929618670517855	0	228	0	0	0	0	0	0	431	111	0	6158	0	342	0	365	173	0	0	0	0	102	0	0	240	0	0	0	1581	0	0	0	2920	0	1334	143	0	0	0	45	0	0	159	1442	0	0	0	0	0	0	0	118	1891	0	671	0	0	0	0	0	186	0	0	0	0	3173	2853	0	0	0	0	62	127	0	17	0	0	0
B3-Placa-E2	216137998	RTF49M_11th	275.485	89.155	221.369	6.73609593467024	161	24.6366417476138	16.3272853558829	0.980556973995272	1.29006459786581	0.358590717299578	0.988087893333333	20.5748073768814	0.92227521155416	92	41	0	0	0	0	0	0	494	162	0	8253	0	0	0	133	46	0	0	105	0	0	0	0	228	0	0	116	77	0	0	0	2972	0	245	0	0	24	0	0	0	0	0	1837	0	0	0	0	0	0	0	155	756	0	1019	942	0	500	0	0	0	0	0	0	0	1428	516	0	0	0	0	0	466	0	0	18	0	0
B4-Placa-E2	216141242	MPP28F_3rd	60.188	15.37	20.74	7.04601206702968	231.333333333333	38.3477831379647	23.7109621728746	0.975960819542947	1.86977717032449	0.416655604075691	0.989314097777778	26.2494745275553	0.898817310723361	0	30	0	0	0	0	0	0	1127	71	0	9977	0	42	36	74	33	300	0	0	22	0	0	0	571	2	0	233	70	0	0	0	1390	0	719	0	3	54	0	0	0	0	188	1560	0	0	0	0	0	0	0	389	2198	20	562	677	0	0	0	0	0	0	22	0	0	357	1018	0	0	0	0	23	21	0	0	64	0	0
B5-Placa-E2	216142372	RTF49M_18th	76.024	29.219	64.207	6.52797321761205	173.666666666667	27.4350025988585	17.8872170777826	0.982597604412924	1.41253908500497	0.426727938342967	0.982302497777778	21.8526666773862	0.878049717852149	286	0	0	0	0	0	0	0	207	77	0	11503	0	36	0	378	253	0	0	302	0	0	80	0	80	0	0	1095	78	0	0	0	2581	0	749	0	0	232	0	0	0	0	0	1160	0	0	0	0	0	0	0	71	1234	0	1605	1567	0	363	0	0	0	0	0	0	0	1012	143	0	0	0	0	104	347	0	32	870	0	0
B7-Placa-E2	216148022	CLA33F_3rd	29.721	14.586	19.225	6.64168279767928	175.2	27.8123027608254	18.0952079740359	0.981592403467297	1.42886901662352	0.411380952380952	0.985101128888889	20.8881126498271	0.891356143048002	0	20	0	0	0	0	0	0	42	481	0	14367	0	18	42	196	80	52	0	0	0	0	0	0	661	0	0	0	120	0	0	0	1671	0	749	0	0	35	0	29	0	0	0	1661	0	0	0	0	0	0	0	189	1485	0	1411	0	0	1504	0	9	0	0	0	0	0	1612	511	0	0	0	0	0	2778	0	0	16	0	0
B8-Placa-E2	216152827	AMA28F_1st	14.354	4.609	3.836	6.99301259318847	212.333333333333	34.9609960452585	21.9430395547216	0.976829062253743	1.73097275156678	0.405074213836478	0.989226622222222	24.4341634703246	0.904902248192685	399	0	0	360	0	0	0	0	1110	92	0	11051	0	61	120	125	0	53	0	0	0	0	36	0	206	0	0	756	223	0	0	0	1275	28	497	0	0	0	0	0	0	0	0	2302	0	0	0	105	0	0	0	270	2542	0	928	0	0	0	0	6	0	0	0	0	0	1176	1396	0	22	0	0	4	58	0	0	0	0	0
B9-Placa-E2	226164469	GFG29M_12th	89.324	39.562	29.615	7.03502670301814	198.083333333333	32.2192965004705	20.4871032809486	0.976046745468873	1.6166632302369	0.360662626262626	0.990239724444444	23.5548341885058	0.922099602016602	0	136	0	0	0	0	0	0	1041	227	15	6256	0	40	185	296	0	106	0	0	0	0	11	0	0	0	0	995	205	0	0	0	1601	0	501	0	0	0	9	0	0	0	0	1168	0	0	0	0	0	246	0	419	2514	0	441	0	0	0	0	2268	0	0	0	0	0	1122	469	0	0	0	0	0	151	0	0	0	0	0
C1-Placa-E1	216133454	CGR32F_2nd	277.1	52.568	60.709	6.45598276096483	191.5	30.8650056653786	19.7591351440621	0.981449014972419	1.55950846957196	0.420375218150087	0.975139013333333	23.0097636572326	0.85200176834104	0	52	0	51	0	0	0	413	573	11	0	17548	0	201	0	238	43	490	0	0	0	0	31	0	1336	0	0	0	176	0	0	0	973	0	686	0	0	0	0	15	0	0	27	1893	0	0	0	0	0	0	0	546	1683	0	1990	0	0	233	0	0	0	0	0	0	0	1010	2743	0	5	0	0	0	923	0	0	0	0	0
C10-Placa-E2	226172697	CLA33F_13th	115.479	39.485	53.872	6.62706611513919	160.25	25.0065047961275	16.5352762521362	0.981517352245863	1.30639452948436	0.3724	0.985263742222222	20.0525141332069	0.905098497179538	0	236	0	0	0	0	0	0	764	812	0	6604	0	0	13	512	69	56	0	0	0	0	34	0	805	0	0	0	405	0	0	0	7620	0	1370	0	0	0	0	64	0	0	0	1920	0	0	0	0	0	0	0	348	1058	0	810	0	0	217	0	0	0	0	0	0	0	1518	146	0	0	0	0	0	150	0	0	0	0	0
C11-Placa-E2	226177369	FBG21M_1st	450.853	229.863	344.709	6.35596168328913	164	25.1918164194593	16.6392717002629	0.984534972419228	1.31455949529364	0.443952380952381	0.979535395555556	21.6176237130173	0.86700774118227	0	376	0	0	0	0	0	132	0	20	0	10742	0	198	139	1214	94	38	0	0	0	0	147	0	22	0	0	1546	198	0	0	0	7838	0	3626	0	3	116	0	17	0	0	0	571	0	12	0	0	0	0	0	491	1274	0	459	0	0	802	0	0	0	0	0	0	0	3257	2696	0	0	33	0	571	91	0	47	445	0	0
C12-Placa-E2	226182097	CLA33F_18th	156.383	54.362	83.342	6.86114435952866	202	31.6375148594601	20.1751169365687	0.978525137903861	1.59216833280907	0.395425641025641	0.987595351111111	21.283402187247	0.901912244710567	0	294	0	0	4	0	0	0	961	294	0	17883	0	116	40	441	0	75	0	0	0	0	0	0	896	0	0	0	425	0	0	0	4296	0	898	0	0	254	0	20	0	0	118	2116	0	0	0	0	0	0	0	486	2025	0	2049	0	0	119	0	5	0	0	0	0	0	2477	1750	0	0	0	0	0	894	0	10	0	0	10
C2-Placa-E1	226183291	SMP48F_3rd	57.694	24.323	18.166	6.90391434936938	218.428571428571	35.9506502820221	22.4630167953549	0.978051851851852	1.77179758061317	0.429669431643625	0.987562373333333	27.0477545379142	0.889501871804949	0	101	0	0	0	0	0	798	310	0	0	2706	0	1519	110	124	27	227	0	0	0	0	579	0	688	0	0	1285	650	0	446	0	1447	0	1257	0	0	0	0	0	0	0	0	546	4	0	0	0	23	0	0	140	1996	29	411	388	0	0	0	6216	0	0	0	0	0	920	1652	0	0	0	0	21	2	0	0	0	0	0
C2-Placa-E2	216133866	RTF49M_5th	172.19	61.372	61.409	6.77494675702241	161.6	25.1918164194593	16.6392717002629	0.980038896769109	1.31455949529364	0.361762732919255	0.988683217777778	20.5266404280834	0.924160902335153	293	0	0	0	0	0	0	0	746	43	0	11750	0	0	0	270	66	0	0	165	0	0	0	0	644	0	0	1007	13	0	0	0	1869	0	1198	0	0	0	0	0	0	0	0	1783	0	0	0	0	0	0	0	298	1408	0	1032	850	0	190	0	0	0	0	0	0	0	1258	335	0	0	0	0	0	1180	0	0	32	0	0
C4-Placa-E2	216141414	RGV45F_1st	69.448	38.397	24.755	6.80615522938736	215.111111111111	34.9609960452585	21.9430395547216	0.979766713947991	1.73097275156678	0.451644025157233	0.987069253333333	32.1229431220626	0.880722733807185	155	35	0	155	0	0	0	143	706	18	0	10587	0	0	111	205	63	64	0	0	0	0	0	0	253	0	0	40	111	0	0	0	1191	0	1204	0	0	0	0	3	0	0	0	480	0	0	0	0	21	0	0	104	1378	0	1007	833	0	1051	0	303	0	0	0	0	0	1692	1053	0	0	0	0	7	801	0	0	0	0	0
C5-Placa-E2	216142388	GFG29M_1st	447.066	234.914	252.426	6.98159982106413	198	31.831214517767	20.2791123846954	0.977119936958235	1.60033329861834	0.380296598639456	0.989866035555556	21.9856237199464	0.916856973409124	0	155	0	0	0	0	0	0	755	926	0	5828	0	76	216	138	0	93	0	0	0	0	0	0	251	0	0	1283	115	0	0	0	2413	0	527	0	0	365	0	0	0	0	0	1789	0	0	0	0	0	115	0	221	1664	0	841	0	0	0	0	4245	0	0	0	0	0	2355	1411	0	0	0	0	132	889	0	16	71	0	0
C6-Placa-E2	216145117	CLA33F_2nd	52.679	20.166	85.493	6.77768299603151	154	23.716458830882	15.8073081152497	0.979824050433412	1.24923976881942	0.332696732026144	0.989111671111111	19.9491260588569	0.933901169806689	0	64	0	0	0	4	0	0	599	1106	0	13206	0	50	37	139	0	0	0	0	0	0	0	0	281	0	0	0	131	0	0	0	3514	0	1403	0	0	213	0	33	0	0	0	3051	0	0	0	0	0	0	0	297	2400	0	1831	0	0	469	0	0	0	0	0	0	0	908	493	0	0	0	0	0	1290	0	37	0	0	0
C7-Placa-E2	216148350	ATH27F_4th	33.205	20.919	23.662	7.05636221166471	239.214285714286	39.7601805410859	24.4389303097611	0.975986256895193	1.92693193098943	0.433974011299435	0.9895988	26.3595966886097	0.895177184540403	0	0	0	0	0	0	0	112	583	0	0	5894	0	0	5	50	0	220	0	0	0	0	6	0	66	7	334	93	69	0	0	0	1686	0	417	0	0	106	0	0	0	0	0	442	2	0	0	793	0	688	0	200	1952	0	991	103	0	1298	0	6730	0	0	0	0	0	307	300	0	0	0	0	0	925	0	0	0	0	0
C8-Placa-E2	216153941	AMA28F_2nd	59.846	29.347	41.711	6.94234508575342	184.333333333333	29.5220231190613	19.0311670071756	0.9777136643026	1.50235370890702	0.371028985507246	0.989693057777778	24.7256824873505	0.922747114505295	349	166	0	323	0	11	0	0	1043	0	22	4439	0	74	69	143	0	107	22	0	0	0	48	0	39	0	0	783	283	0	0	0	679	24	178	0	0	0	0	0	0	0	0	1360	0	0	0	190	0	0	0	188	2308	0	857	0	0	258	38	26	0	0	0	0	0	293	1939	0	0	0	0	0	0	0	0	0	24	0
C9-Placa-E2	212850252	MBD34F_1st	45.099	14.389	16.041	7.28175725652254	240.666666666667	40.3686185800405	24.750916654141	0.971881639085894	1.95142682841727	0.382262761506276	0.991835315555556	27.0888378045582	0.921640300171515	0	0	0	0	0	0	0	157	837	81	0	8650	0	0	89	116	42	86	0	0	0	0	9	0	1554	0	109	0	40	0	0	0	1275	0	190	0	0	16	0	0	0	0	889	1383	0	0	0	0	34	0	0	420	2288	0	1128	813	0	610	0	595	0	0	0	0	0	1112	1731	0	0	0	0	18	443	0	11	0	0	0
D1-Placa-E1	216133458	CGR32F_3rd	438.344	129.101	89.227	6.49152403154076	202.142857142857	32.6082848170062	20.6950941772019	0.980364602048857	1.63299316185545	0.414333333333333	0.974451493333333	24.3978265181798	0.849247273938061	0	100	0	0	0	0	8	461	386	0	0	18449	0	67	23	1067	70	434	0	0	0	0	20	0	1514	0	0	0	246	0	0	0	1329	0	719	0	0	0	0	10	0	0	0	1356	0	0	0	0	0	0	0	687	2631	0	2661	0	0	362	0	0	0	0	0	0	0	613	2129	0	0	0	0	0	1332	0	0	0	0	0
D10-Placa-E2	226173079	CLA33F_14th	122.305	54.455	111.098	6.67619265883472	156.6	24.2677979935439	16.1192944596296	0.981112277383767	1.27373466624725	0.357451282051282	0.986956951111111	20.7450025523871	0.916379419869193	0	259	0	0	0	0	0	0	753	531	0	11338	0	125	130	772	34	0	0	0	0	0	14	0	249	0	0	0	347	0	0	0	4669	0	735	0	0	0	0	33	0	0	393	1425	0	0	0	0	0	0	0	343	1302	0	1240	0	0	556	0	0	0	0	0	0	0	2074	193	0	0	0	0	29	409	0	0	0	0	0
D11-Placa-E2	226178095	FBG21M_2nd	253.761	57.7	61.753	5.87407040998926	102	14.7243913527132	10.5035402607909	0.988462600472813	0.83282651254628	0.379596078431373	0.970513031111111	19.271517214976	0.880350113929286	0	153	0	0	0	0	0	121	0	0	0	6478	0	0	0	454	17	23	0	0	0	0	0	0	0	0	0	209	51	0	0	0	4307	0	886	0	0	32	0	0	0	0	0	150	0	0	0	0	0	0	0	397	994	0	262	0	0	365	0	0	0	0	0	0	0	477	1937	0	0	0	0	0	46	0	0	111	0	0
D12-Placa-E2	226182143	AGS29F_2nd	37.43	13.678	11.979	7.29668750641197	258.666666666667	44.0578944878214	26.6228347204206	0.971353601260835	2.09839621298426	0.38973878080415	0.991091955555556	27.4637095836353	0.911445129805232	314	60	0	243	0	0	0	0	1122	0	0	10288	0	0	137	193	103	359	0	0	0	0	0	0	997	4	498	0	299	0	0	0	1270	0	1149	0	0	0	0	0	566	0	376	544	0	0	0	0	57	0	0	544	3128	37	2089	552	0	464	0	855	0	0	0	0	0	369	1930	0	0	0	0	43	536	0	0	0	0	0
D2-Placa-E1	226184145	SMP48F_4th	55.973	25.643	19.398	7.02060631068648	213.5	34.9609960452585	21.9430395547216	0.97608182821119	1.73097275156678	0.39194465408805	0.988703422222222	26.1523090843838	0.908472900564205	0	76	0	0	0	0	0	2104	370	38	0	3738	0	631	136	67	40	439	0	0	0	0	482	0	744	19	0	665	309	0	389	0	978	0	1119	0	0	0	0	0	0	0	0	356	0	0	0	0	0	0	0	137	2624	46	349	291	0	0	0	1503	0	0	0	0	0	588	1225	0	0	0	0	21	0	0	0	0	0	0
D2-Placa-E2	216134825	RTF49M_6th	46.109	18.246	9.879	6.78335094456352	170	25.9355774523509	17.0552534927694	0.980007470449173	1.34721935853075	0.372993939393939	0.988803982222222	21.195230937155	0.920859928098872	420	0	0	0	0	0	0	0	435	264	0	11842	3	0	0	59	58	0	0	105	0	0	5	0	550	0	0	745	36	0	0	0	1837	0	967	0	0	0	0	0	0	0	0	1931	0	0	0	0	0	0	0	348	2329	0	1191	1178	0	324	0	0	0	0	0	0	0	468	471	0	0	0	0	99	829	0	6	149	0	0
D3-Placa-E2	216138071	MPP28F_2nd	115.741	30.654	34.158	6.60316746212846	177.5	28.190568652684	18.3031988702891	0.981772230102443	1.44519894824208	0.416432768361582	0.983641635555556	24.3089141095519	0.884241597637019	0	0	0	0	0	0	0	0	604	78	0	10733	0	0	17	183	27	137	0	0	0	0	0	0	889	0	0	89	197	0	0	0	1434	0	781	0	0	10	0	0	0	0	0	945	0	0	0	0	0	0	0	335	1542	0	492	665	0	0	0	0	0	0	0	0	0	1114	1073	0	0	0	0	12	121	0	0	0	0	0
D4-Placa-E2	216141419	RTF49M_16th	140.969	92.582	67.608	6.23761948335814	142	20.1017555413639	13.7273991527169	0.986138313632782	1.08594045263388	0.41528320802005	0.981405422222222	28.7393154459567	0.88410627645058	348	0	0	0	0	0	0	0	320	155	0	9262	0	34	0	387	92	0	0	212	0	0	18	0	0	0	0	870	140	0	0	0	1150	0	439	0	0	16	0	0	0	0	0	1101	0	0	0	0	0	0	0	208	1572	0	1207	1475	0	104	0	0	0	0	0	0	0	350	12	0	0	0	0	2	182	0	0	284	0	0
D5-Placa-E2	216142436	JMJ44M_7th	104.092	66.362	70.619	6.72817176671229	190	30.0961888655863	19.3431533515556	0.980847974783294	1.52684860633485	0.428949376114082	0.987179715555556	25.4891160510438	0.891515285190892	173	19	0	477	0	0	0	975	468	0	0	8912	0	0	250	0	0	26	0	0	0	0	10	0	72	6	243	1167	82	0	0	0	1002	0	1112	0	0	28	0	0	258	0	0	187	0	0	0	164	0	0	0	180	2198	19	1009	485	0	0	0	1432	0	0	0	0	0	1563	995	0	0	0	0	57	55	0	0	52	0	0
D6-Placa-E2	216145197	GFG29M_4th	163.949	104.108	160.837	6.82304659447354	156	24.2677979935439	16.1192944596296	0.979127249802994	1.27373466624725	0.323123076923077	0.989322062222222	20.271681685499	0.93653670579894	0	540	0	0	0	0	0	0	730	327	0	5615	0	0	136	908	146	27	0	0	0	0	0	0	135	0	0	1471	255	0	0	0	2630	0	465	0	0	154	0	0	0	0	0	1239	0	0	0	0	0	181	0	209	1275	0	943	0	0	0	0	3624	0	0	0	0	0	2212	384	0	0	0	0	0	1402	0	27	111	0	0
D7-Placa-E2	216148358	GFG29M_7th	127.959	77.485	76.329	6.72983968611498	191.5	30.4801332356711	19.5511442478089	0.98020548463357	1.5431785379534	0.413551322751323	0.98513168	22.6030207202235	0.889926467387504	0	112	0	0	0	0	0	0	727	218	0	5464	0	66	119	301	26	76	0	0	0	0	25	0	190	0	0	1082	180	0	0	0	1733	0	795	0	0	17	0	0	0	0	0	1228	0	0	0	0	0	323	0	306	2626	0	907	0	0	0	0	8212	0	0	0	0	0	810	566	0	0	0	0	0	1602	0	0	3	0	0
D8-Placa-E2	216154787	CLA33F_7th	83.047	33.7	54.322	6.3577746558279	138	20.4583328231027	13.9353900489701	0.985172955082742	1.10227038425243	0.414607407407407	0.983777288888889	19.550597526833	0.898394845624834	0	143	0	0	0	0	0	0	808	679	0	12545	0	0	57	91	0	76	0	0	0	0	0	0	113	0	0	0	73	0	0	0	3515	0	451	0	0	0	0	31	0	0	0	1177	0	0	0	0	0	0	0	191	1064	0	1383	0	0	665	0	0	0	0	0	0	0	1373	1273	0	0	0	0	0	898	0	0	0	0	0
D9-Placa-E2	226165117	GFG29M_13th	118.649	56.169	57.191	6.78679603695533	170.2	26.6833227247163	17.471235285276	0.979988305752561	1.37987922176786	0.377938067061144	0.988593333333333	21.5123878408115	0.917025617750728	0	292	0	0	0	0	0	32	836	237	0	6209	0	0	143	196	0	82	0	0	0	0	0	0	11	0	0	1062	76	0	0	0	2713	0	622	0	0	246	0	0	0	0	0	1987	0	0	0	0	0	215	0	252	1473	9	933	0	0	0	0	3497	0	0	0	0	0	1511	1484	0	0	0	0	0	420	0	12	38	0	0
E1-Placa-E1	216133495	CGR32F_4th	403.962	74.667	91.127	7.01211550896084	233	37.345243211557	23.1909849322414	0.975083057525611	1.82895234127811	0.381319047619048	0.986795004444444	24.6307687496325	0.898142274683833	0	219	0	437	0	0	18	505	344	0	0	12628	0	221	36	1426	123	270	0	0	0	0	36	0	1737	0	0	47	340	0	0	0	2417	0	768	0	0	63	0	12	0	0	66	1629	0	0	0	0	0	0	0	691	3221	0	1079	0	0	219	0	0	0	0	0	0	0	1905	1288	0	0	0	0	47	1129	0	0	0	0	0
E10-Placa-E2	226173369	CLA33F_15th	90.803	38.048	78.702	6.74186707686761	161	25.1918164194593	16.6392717002629	0.980321323877069	1.31455949529364	0.35576231884058	0.987748062222222	19.3408285339104	0.919648549964394	0	120	0	0	0	0	0	0	638	510	0	11632	0	0	42	363	0	0	0	0	0	0	0	0	797	0	0	0	65	0	0	0	4602	0	438	0	0	13	0	33	0	0	106	1149	0	0	0	0	0	0	0	289	1479	0	1199	0	0	1022	0	0	0	0	0	0	0	1646	80	0	0	0	0	0	672	0	0	66	0	0
E11-Placa-E2	226178517	GFG29M_15th	315.952	117.661	68.501	6.76243067594192	212.2	34.763720006946	21.839044106595	0.978422726556344	1.7228077857575	0.412961137440758	0.982534053333333	24.0485564567581	0.875837819287776	0	690	0	0	0	0	0	0	2265	262	0	9554	2	54	183	1465	152	166	0	0	0	0	35	0	47	0	0	340	513	0	0	0	2302	0	740	0	0	0	0	0	0	0	0	318	17	0	0	0	0	24	0	606	1627	51	718	0	0	0	0	1312	0	0	0	0	0	6072	1035	0	0	0	0	0	49	0	56	0	0	0
E12-Placa-E2	226182520	CLA33F_19th	225.941	83.577	197.161	6.67271688827633	153.5	23.716458830882	15.8073081152497	0.981417052797478	1.24923976881942	0.368043137254902	0.987717937777778	20.0229142241112	0.919437824312363	0	110	0	0	0	0	0	0	985	85	0	12919	0	103	0	917	54	43	0	0	0	0	0	3	578	0	0	0	326	0	0	0	3070	0	947	0	7	225	0	0	0	0	197	1943	0	0	0	0	0	0	0	554	1103	0	2007	0	0	0	0	0	0	0	0	0	0	3415	1849	0	0	0	0	0	390	0	0	0	0	0
E2-Placa-E1	226184799	SMP48F_5th	378.309	179.204	171.472	6.87465684644468	246.875	40.571844796626	24.8549121022676	0.977562206461781	1.95959179422654	0.455433333333333	0.98502984	26.4716435184045	0.869451368185473	0	69	0	0	0	0	0	2239	282	0	0	2531	0	93	101	177	57	352	0	0	0	0	104	0	1990	0	0	1222	203	0	44	0	1407	0	943	0	0	0	0	0	0	0	0	1069	0	0	0	0	0	0	0	172	1825	38	581	592	0	0	0	9043	0	0	0	0	0	1245	1127	0	0	0	0	33	71	0	0	18	0	0
E2-Placa-E2	216135329	RTF49M_7th	221.643	72.043	69.326	6.79299517077423	164.25	25.749261653742	16.9512580446428	0.979839495665879	1.33905439272147	0.362858536585366	0.988658764444444	21.1889969231525	0.923268386891523	810	39	0	0	0	0	0	0	595	73	0	11615	0	0	0	173	44	0	0	203	0	0	27	0	163	0	0	1227	0	0	0	0	2447	0	393	0	0	16	0	0	0	0	0	2064	0	0	0	0	0	0	0	308	1841	0	1295	1215	0	328	0	0	0	0	0	0	0	1227	88	0	0	0	0	12	739	0	5	73	0	0
E3-Placa-E2	216138771	RTF49M_12th	265.281	159.885	187.956	6.57713270275503	148	22.6208055527593	15.1833354264899	0.982386288416076	1.20024997396376	0.366863945578231	0.985546497777778	19.8164265206108	0.913532225875831	404	0	0	0	0	0	0	0	556	0	0	12690	0	0	0	269	0	0	0	201	0	0	0	0	258	0	0	1012	53	0	0	0	1479	0	766	0	0	209	0	0	0	0	0	2446	0	0	0	0	0	0	0	306	1997	0	1316	1276	0	496	0	0	0	0	0	0	0	827	520	0	0	0	0	87	464	0	0	268	0	0
E4-Placa-E2	216141437	CLA33F_1st	119.711	47.879	117.597	6.59983287546308	145	22.2576969026018	14.9753445302366	0.982121513002364	1.1839200423452	0.353029885057471	0.986284755555556	19.9696036699129	0.919208417922929	0	48	0	0	0	0	0	0	469	31	13	8697	0	27	88	163	43	39	0	0	0	0	0	0	326	0	0	0	89	0	0	0	3025	0	294	0	0	0	0	28	0	0	0	1768	0	0	0	0	0	0	0	129	1464	0	1103	0	0	904	0	0	0	0	0	0	0	1094	72	0	0	0	0	56	997	0	0	0	0	0
E5-Placa-E2	216142618	RTF49M_19th	98.888	39.652	78.892	6.59184761847575	167.5	24.4520920267584	16.2232899077563	0.982243120567376	1.28189963205653	0.383337154989384	0.985752115555556	21.654295114156	0.903658715838975	253	22	0	0	0	0	0	0	1019	640	0	11105	0	0	0	303	245	0	0	118	0	0	27	0	27	0	0	1045	98	0	0	0	2072	0	391	0	0	210	0	0	0	0	0	1289	0	0	0	0	0	0	0	618	1958	0	1277	1008	0	197	0	0	0	0	0	0	0	1078	58	0	0	0	0	35	491	0	120	326	0	0
E6-Placa-E2	216145942	GFG29M_5th	10.852	7.87	6.977	6.73242036632935	207.428571428571	33.7806422550089	21.3190668659618	0.979632624113475	1.68198295671112	0.425994174757282	0.98374392	22.9733653034737	0.875875873880477	0	254	0	0	0	0	0	0	1926	387	0	13505	0	97	0	112	22	203	0	0	0	0	17	0	18	0	0	169	191	0	0	0	694	0	466	0	0	0	0	12	0	0	0	197	14	0	0	42	2	26	0	252	3752	30	1477	0	0	0	0	2006	0	0	0	0	0	241	684	0	0	0	0	21	487	0	0	0	0	0
E7-Placa-E2	216148746	GFG29M_8th	115.002	57.253	39.235	6.92096880151552	221.333333333333	34.9609960452585	21.9430395547216	0.977605768321513	1.73097275156678	0.410111949685535	0.987625235555556	23.2731985813383	0.895579715423806	0	154	0	0	0	0	0	0	1027	32	15	7574	3	41	204	514	42	59	0	0	0	0	24	0	98	0	0	1217	177	0	0	8	2208	0	925	0	0	75	0	0	0	0	0	1752	0	0	0	0	0	66	0	327	1932	0	815	0	0	0	0	7443	0	0	0	0	0	1172	555	0	0	0	0	35	1500	0	0	0	0	0
E8-Placa-E2	216154843	GFG29M_10th	159.863	87.16	115.594	6.85033208081909	185.5	29.3311042774608	18.927171559049	0.9789312214342	1.49418874309774	0.378210928961749	0.988337928888889	22.0442498958605	0.911469620689793	0	337	0	0	0	0	0	0	950	594	0	5124	0	38	131	268	43	54	0	0	0	0	21	0	80	0	0	1686	227	0	0	0	2725	0	351	0	0	46	0	0	0	0	0	908	0	0	0	0	0	47	0	304	1783	0	606	0	0	0	0	5367	0	0	0	0	0	2273	1530	0	0	0	0	0	1061	0	0	24	0	0
E9-Placa-E2	226165114	CLA33F_10th	44.972	19.486	50.354	6.37108098649497	122.333333333333	18.1608498375191	12.5834492233238	0.984831520882585	0.996125828731826	0.356900546448087	0.98514312	18.1100049515406	0.919250099403606	0	0	0	23	0	0	0	0	697	51	0	10957	0	0	0	239	0	0	0	0	0	0	0	0	766	0	0	0	281	0	0	0	1568	0	670	0	0	0	0	0	0	0	0	1686	0	0	0	0	0	0	0	0	1031	0	959	0	0	252	0	0	0	0	0	0	0	2856	570	0	0	0	0	0	663	0	0	0	0	0
F1-Placa-E1	216133424	MGM31F_2nd	125.76	33.557	26.653	7.24332364110828	250.5	42.2050392200504	25.6868756872808	0.972362395587076	2.02491152070076	0.394767741935484	0.990909111111111	26.9538144526977	0.910629227449376	0	169	0	0	0	0	0	508	1462	0	13	11733	0	25	51	217	71	225	0	0	0	0	0	0	1655	0	0	0	67	0	28	0	994	0	402	0	0	96	0	8	0	0	0	1467	0	0	0	0	55	0	0	742	2204	0	1514	0	0	49	0	0	0	0	0	0	0	501	2038	0	0	0	0	64	950	0	18	26	0	0
F1-Placa-E2	216131757	MPP28F_1st	88.532	17.371	17.922	7.28180147967033	279.142857142857	46.3444151821547	27.7667846498136	0.971472624113475	2.18821083688631	0.40672039800995	0.990649271111111	27.6353864576755	0.902767290037499	0	51	0	0	0	0	4	355	1564	223	4	16286	0	58	37	863	36	356	0	0	65	0	0	0	542	0	0	393	269	0	0	0	2933	0	476	0	0	9	0	0	0	0	659	2199	0	0	0	0	0	0	0	254	2359	9	1231	643	0	0	0	0	0	0	27	0	0	840	1204	0	0	0	0	41	48	0	0	0	0	0
F10-Placa-E2	226173704	CLA33F_16th	99.503	33.985	40.436	6.5909570428603	149	22.9849738811395	15.3913263227431	0.982436595744681	1.21657990558231	0.372561073825503	0.986254595555556	19.9036820602808	0.912980078547655	0	109	0	0	0	0	0	0	522	343	0	9224	0	17	0	226	43	0	0	0	0	0	23	0	610	0	0	0	122	0	0	0	3932	0	475	0	0	0	0	36	0	0	0	1748	0	0	0	0	0	0	0	229	940	0	1333	0	0	0	0	0	57	0	0	0	0	1333	146	0	0	0	0	0	658	0	0	9	0	0
F11-Placa-E2	226179365	FBG21M_3rd	281.548	83.537	107.92	6.56880128036991	159.166666666667	24.8214462896903	16.4312808040096	0.98221109535067	1.29822956367508	0.381244025157233	0.984308622222222	22.5739456704014	0.898250569650268	0	312	0	0	0	0	0	36	37	56	0	9998	0	62	72	768	73	0	0	0	0	0	59	0	0	0	0	1115	98	0	0	0	4131	0	1789	0	0	45	0	0	0	0	0	415	0	0	0	0	0	0	0	629	1626	0	556	0	0	351	0	0	0	0	0	0	0	1149	2628	0	0	0	0	19	54	0	0	144	0	0
F12-Placa-E2	226182509	MSA23M_1st	22.573	10.311	5.198	7.27206220322463	246	41.1827582707669	25.1668984466476	0.971923498817967	1.98408669165437	0.382460082304527	0.991267155555556	27.932245463763	0.917632082767365	0	125	0	0	0	0	13	0	3033	359	6	5967	0	223	101	351	28	296	0	0	0	0	43	0	297	0	23	960	302	0	0	0	1261	0	664	0	7	0	0	0	0	0	0	126	0	0	184	0	310	0	0	544	2141	0	1866	0	45	952	8	2065	0	0	0	0	0	351	752	0	0	0	0	16	172	0	0	0	11	0
F2-Placa-E1	226184800	CLA33F_21st	113.545	55.818	74.391	6.6110883015831	141	21.5346904977936	14.55936273773	0.981916942474389	1.15126017910809	0.341697872340426	0.986309484444444	19.0737537376426	0.925980916064405	0	231	0	0	0	0	0	0	71	120	0	1994	0	156	0	873	101	0	0	0	0	133	28	0	158	0	0	0	2174	0	0	0	4031	0	932	0	0	0	0	61	0	0	0	1962	0	5	0	0	0	0	0	0	601	0	343	0	0	121	0	0	0	0	0	0	0	2489	1107	0	0	0	0	341	156	0	0	0	0	0
F2-Placa-E2	216135374	JMJ44M_2nd	68.714	17.928	11.898	7.12178249313553	221.857142857143	36.7462725823423	22.8789985878614	0.974644349881797	1.80445744385027	0.386209049773756	0.99060656	27.522015309435	0.914467334282113	156	18	0	136	0	0	0	192	564	16	6	8409	0	0	130	106	0	38	0	55	0	0	0	0	300	0	80	0	64	0	0	0	1314	0	619	0	0	0	0	0	500	0	63	471	0	0	0	0	12	0	0	268	1592	42	535	115	0	0	0	1663	0	0	0	0	0	1429	528	0	0	0	0	22	945	0	0	0	0	0
F3-Placa-E2	216139055	RTF49M_13th	201.115	103.34	125.265	6.51529991179499	145.6	22.2576969026018	14.9753445302366	0.983055382190701	1.1839200423452	0.371868965517241	0.984701004444444	20.3674250791119	0.907434875583006	265	40	0	0	0	0	0	0	359	0	0	9513	0	0	0	207	0	0	0	99	0	0	0	0	179	0	0	554	84	0	0	0	1334	0	394	0	0	125	0	0	0	0	0	1670	0	0	0	0	0	0	0	310	1463	0	969	1024	0	393	0	0	0	0	0	0	0	770	346	0	0	0	0	63	434	0	0	38	0	0
F4-Placa-E2	216141582	JMJ44M_5th	97.664	50.917	64.36	6.54168566893928	152	23.5331964064291	15.7033126671231	0.983004192277384	1.24107480301014	0.399154385964912	0.985716542222222	22.9678171671262	0.902559477423808	163	0	0	256	0	0	0	249	481	39	0	7135	0	0	72	0	0	62	0	0	0	0	14	0	43	0	38	295	19	0	0	0	1163	0	322	0	0	0	0	0	239	0	0	80	0	0	0	0	0	0	0	102	2079	30	554	192	0	0	0	1406	0	0	0	0	0	1231	1170	0	0	0	0	0	105	0	0	0	0	0
F5-Placa-E2	216142925	RTF49M_20th	154.885	102.424	95.876	6.46185265224632	134	20.2799048329142	13.8313946008435	0.983880693459417	1.09410541844315	0.370469651741294	0.984856631111111	19.4768702884799	0.914487841587476	159	0	0	0	0	0	0	0	594	249	0	8899	0	0	0	286	94	0	0	91	0	0	0	0	75	0	0	818	61	0	0	0	1447	0	355	0	0	0	0	0	0	0	0	980	0	0	0	0	0	0	0	402	1743	0	884	883	0	121	0	0	0	0	0	0	0	481	26	0	0	0	0	89	454	0	0	299	0	0
F6-Placa-E2	216146252	ATH27F_2nd	73.47	40.765	40.386	6.83838003367096	211.5	34.3698268406034	21.6310532103417	0.978727123719464	1.70647785413895	0.428128548644338	0.986211208888889	24.121297996546	0.887253327174945	15	0	0	0	0	0	9	0	919	29	0	4269	0	37	0	95	0	139	0	192	0	0	0	0	132	26	155	0	316	0	0	0	1449	0	685	0	0	67	0	0	0	0	106	311	0	0	0	0	0	334	0	190	2326	16	1100	329	0	529	0	9899	0	0	0	0	0	607	779	0	0	0	0	128	157	0	0	37	0	0
F7-Placa-E2	216149340	CLA33F_4th	35.69	8.163	20.321	6.57387820542893	146	22.4391182775534	15.0793399783632	0.982563341213554	1.19208500815448	0.364502283105023	0.986112764444444	19.7049789695457	0.914330822900213	0	0	0	0	0	0	0	0	0	606	0	12198	0	15	0	38	0	20	0	0	0	0	0	0	504	0	0	0	22	0	0	0	5107	7	463	0	0	85	0	16	0	0	0	2420	0	0	0	0	0	0	0	89	892	0	776	0	0	882	0	0	0	0	0	0	0	888	201	0	0	0	0	0	683	0	0	10	0	0
F8-Placa-E2	216155206	GFG29M_11th	63.872	39.934	44.481	6.99236355239107	189.333333333333	30.4801332356711	19.5511442478089	0.976826603624901	1.5431785379534	0.359902645502646	0.989866702222222	21.8298023009299	0.924641549442432	0	191	0	0	0	0	0	0	1278	226	0	5781	0	48	141	501	118	81	0	0	0	0	0	0	52	0	0	1214	180	0	0	0	1968	0	320	0	0	45	0	0	0	0	0	1191	0	0	0	0	0	95	0	305	1721	8	629	0	0	0	0	3372	0	0	0	0	0	1898	592	0	0	0	0	7	276	0	0	0	0	0
F9-Placa-E2	226166145	AML29F_2nd	51.377	24.149	19.053	6.43668763306329	147	21.7150381947932	14.6633581858566	0.984188873128448	1.15942514491737	0.397723004694836	0.984593315555556	20.6093034684855	0.900267873181676	0	113	0	0	0	0	0	0	166	0	0	7074	0	189	40	5769	31	23	0	0	0	0	0	0	0	0	0	449	91	0	0	0	1527	0	944	0	0	0	0	0	0	0	908	114	0	0	0	0	0	0	0	162	961	0	712	1560	0	0	0	829	0	0	0	0	0	346	1090	0	0	0	0	0	0	0	0	20	0	0
G1-Placa-E1	216133461	CGR32F_5th	301.279	111.093	72.607	6.69754126646621	208.5	32.803117436088	20.7990896253286	0.979288069345942	1.64115812766473	0.40402487562189	0.98180168	39.2421568710386	0.875375247325535	0	167	0	536	0	0	9	386	392	0	0	15768	0	276	146	1483	117	188	0	0	0	0	62	0	1346	0	0	0	576	0	0	0	1084	0	508	0	0	0	0	0	0	0	46	691	0	0	0	0	0	0	0	432	585	0	1652	0	0	118	0	0	0	0	0	0	0	941	1173	0	0	0	0	26	732	0	0	0	0	0
G1-Placa-E2	216132490	RTF49M_1st	243.037	71.783	89.746	6.69886961580202	197.2	32.0251419271239	20.383107832822	0.979533648542159	1.60849826442762	0.408431472081218	0.982220435555556	22.76266267053	0.878880093507394	300	28	0	0	0	0	0	292	1519	105	0	20411	0	32	102	84	61	0	0	141	0	0	9	0	932	0	0	806	174	0	0	0	1441	0	698	0	0	10	0	7	0	0	0	1240	0	0	0	0	0	0	0	340	2900	0	1929	1421	0	172	0	0	0	0	0	0	0	1176	956	0	0	0	0	219	799	0	0	97	0	0
G10-Placa-E2	226174649	MBD34F_2nd	18.796	7.101	4.195	7.41386944583237	269.428571428571	46.3444151821547	27.7667846498136	0.968913979511426	2.18821083688631	0.373999004975124	0.992087431111111	27.8464758776506	0.919140524084833	0	59	3	0	0	0	5	993	1911	119	0	10230	0	9	41	125	72	245	0	0	0	0	20	0	1241	8	140	0	233	0	0	0	991	0	544	0	0	0	0	0	0	0	228	815	0	0	0	0	166	0	0	809	2973	22	1566	591	0	373	0	466	0	0	0	0	0	866	1523	0	0	0	0	0	443	0	10	0	0	0
G11-Placa-E2	226179409	AML29F_3rd	254.287	75.363	73.373	6.83279552660216	187.25	30.0961888655863	19.3431533515556	0.979192088258471	1.52684860633485	0.39070623885918	0.987862897777778	22.2514858489594	0.905378439160509	33	298	0	0	0	8	0	0	172	0	0	8471	0	146	118	6588	198	31	0	0	0	0	0	0	522	0	0	720	249	0	0	0	1299	0	894	0	0	13	0	0	0	0	0	695	0	0	0	0	0	0	0	412	1455	0	841	2043	0	0	0	562	0	0	0	0	0	3468	2220	0	0	0	0	47	7	0	0	30	0	0
G12-Placa-E2	226182826	CLA33F_20th	192.947	67.731	112.987	6.90087308893343	190	30.2880447280522	19.4471487996822	0.977724412923562	1.53501357214412	0.363126241134752	0.988072888888889	22.083167748178	0.913467724640099	0	111	0	256	0	0	0	0	551	408	0	8266	0	329	0	1121	134	11	0	0	0	198	0	0	768	0	0	0	390	0	13	0	6602	0	993	0	0	96	0	78	0	0	980	1426	0	0	0	0	0	0	0	211	1220	0	1160	0	0	391	0	0	0	0	0	0	0	2929	1358	0	0	0	5	28	275	0	23	0	0	0
G2-Placa-E1	226184860	JCG30M_1st	108.978	46.825	50.619	6.8539046966368	180	28.5697945783198	18.5111897665424	0.978323215130024	1.46152887986063	0.356204841713222	0.987491182222222	24.0818425530027	0.915830226267578	0	566	0	0	0	0	0	355	897	69	11	3772	0	80	122	117	26	77	0	0	0	0	236	0	920	0	0	414	854	0	0	0	3452	0	929	0	0	14	0	48	0	0	0	768	3	0	35	0	69	0	0	316	699	0	1131	534	0	250	0	841	0	0	0	0	0	1956	2045	56	0	0	0	187	21	0	0	39	0	0
G2-Placa-E2	216135680	RTF49M_8th	156.588	42.576	59.881	6.56514855974717	131	19.746297699024	13.5194082564636	0.982531788810087	1.06961052101532	0.332253435114504	0.986914195555556	20.2420928813411	0.933421544291035	248	0	0	0	0	0	0	0	351	36	0	8083	0	0	0	84	28	0	0	139	0	0	6	0	163	0	0	380	29	0	0	0	1733	0	286	0	0	22	0	0	0	0	0	1453	0	0	0	0	0	0	0	234	1403	0	786	845	0	211	0	0	0	0	0	0	0	730	262	0	0	0	0	0	893	0	0	36	0	0
G3-Placa-E2	216139333	RTF49M_14th	337.834	193.793	287.306	6.28641930704183	115	16.9441247618804	11.8554810864373	0.985616485421592	0.938971068066885	0.35743768115942	0.983919457777778	19.2980837412352	0.918330062604441	73	0	0	0	0	0	0	0	526	61	0	8692	0	0	13	82	33	0	0	71	0	0	0	0	10	0	0	812	39	0	0	0	1563	0	394	0	0	0	0	0	0	0	0	1437	0	0	0	0	0	0	0	200	1561	0	1006	950	0	0	0	0	0	0	0	0	0	713	132	0	0	0	0	0	379	0	0	0	0	0
G4-Placa-E2	216142173	RTF49M_17th	321.636	182.458	186.017	6.14328326177633	125.75	18.686736545549	12.8954355677037	0.986985405831363	1.02062072615966	0.4176	0.979464097777778	26.7234838388337	0.881922696817238	237	121	0	0	0	0	0	0	0	35	0	7038	0	53	0	870	149	0	0	427	0	0	40	0	162	0	0	994	239	0	0	0	1872	0	633	0	0	103	0	0	0	0	0	1155	0	0	0	0	0	0	0	18	368	0	402	1117	0	397	0	0	0	0	0	0	0	1109	114	0	0	0	0	176	60	0	0	218	0	0
G5-Placa-E2	216143198	RTF49M_21st	107.427	79.311	55.359	6.40899168010331	168	23.716458830882	15.8073081152497	0.984180236406619	1.24923976881942	0.416471895424837	0.982130764444444	20.8582418817277	0.883098963293856	169	25	0	0	0	0	0	0	667	37	0	10451	0	21	0	328	131	0	0	190	0	0	41	0	203	0	0	1124	69	0	0	0	1802	0	577	0	0	0	0	0	0	0	0	1002	0	0	0	0	0	0	0	463	1528	0	1534	1599	0	262	6	0	0	0	0	0	0	803	0	0	0	0	0	59	0	0	10	352	0	0
G6-Placa-E2	216146268	GFG29M_6th	130.196	73.255	129.317	6.85211691892342	181.166666666667	28.9499749471626	18.7191806627957	0.978829125295508	1.47785881147918	0.370100920810313	0.988269431111111	21.8080943758813	0.913634362903996	0	529	0	0	0	0	0	0	727	148	0	8610	0	49	244	278	0	38	0	0	0	0	16	0	20	0	0	2131	187	0	0	0	3954	0	1018	0	0	20	0	0	0	0	0	779	0	0	0	0	0	9	0	194	2366	0	877	0	0	0	0	4938	0	0	0	0	0	1259	699	0	0	0	0	0	444	0	0	0	0	0
G7-Placa-E2	216152353	CLA33F_5th	44.124	12.413	24.926	6.69084827754003	163.6	25.5631956729582	16.8472625965161	0.981018029944838	1.33088942691219	0.376628629856851	0.987065973333333	20.0270146088504	0.910477042709456	0	0	0	0	0	0	0	0	370	515	0	10724	0	0	106	125	6	19	0	0	0	0	0	0	278	0	0	0	130	0	0	0	4633	0	492	0	0	0	0	0	0	0	0	2578	0	0	0	0	0	0	0	0	979	0	1377	0	0	1104	0	0	0	0	0	0	0	1633	243	0	0	0	0	0	925	0	85	0	0	0
G8-Placa-E2	226161562	CLA33F_8th	57.473	15.313	44.637	6.75772542840829	174.333333333333	27.6235316052011	17.9912125259092	0.980379605988968	1.42070405081424	0.391972413793103	0.987589528888889	21.3030933883477	0.907937220291594	0	118	0	303	0	0	0	0	705	351	0	15116	0	32	205	423	53	38	0	0	0	0	0	0	481	0	0	0	360	0	0	0	2919	0	899	0	0	92	0	77	0	0	0	2146	0	0	0	0	0	0	0	228	1911	0	1572	0	0	1111	0	0	0	0	0	0	0	1658	277	0	0	0	17	31	1808	0	37	90	0	0
G9-Placa-E2	226167370	SPB34F_1st	545.809	247.879	197.939	7.00639171519503	234	38.548925330092	23.8149576210012	0.976504113475177	1.87794213613377	0.426831884057971	0.988449084444444	28.4147127047258	0.893047046099008	101	221	0	38	0	0	0	801	371	170	0	3093	0	0	65	191	26	20	0	53	0	0	20	0	533	0	350	1020	303	0	0	0	1569	0	340	0	0	30	0	0	0	28	0	1425	0	0	0	0	102	0	0	211	2247	5	721	834	0	36	0	7499	0	0	0	0	0	1312	566	0	12	0	0	0	363	0	0	24	0	0
H1-Placa-E1	216133464	CGR32F_6th	247.33	59.158	45.797	6.57111521154099	188	30.2880447280522	19.4471487996822	0.980616170212766	1.53501357214412	0.402889361702128	0.978693022222222	21.6207266002392	0.869817714842516	0	45	0	452	0	0	9	0	242	17	0	20088	0	22	235	201	0	207	0	0	0	0	0	0	1499	0	0	83	111	0	0	0	1356	0	202	0	0	0	0	53	0	0	62	2459	0	0	0	0	0	0	0	791	1623	0	2003	0	0	210	0	0	0	0	0	0	0	1608	1812	0	0	0	0	0	802	0	0	0	0	0
H1-Placa-E2	216133135	RTF49M_3rd	247.616	115.748	101.981	6.94859610301043	191	30.2880447280522	19.4471487996822	0.977556249014972	1.53501357214412	0.369992907801418	0.989662817777778	21.9200051884597	0.919784814161972	368	0	0	0	0	0	0	43	849	122	0	13209	0	0	97	95	117	0	0	179	0	0	0	0	161	0	0	679	29	24	0	0	2171	0	682	0	0	42	0	0	0	0	0	1931	0	0	0	0	0	0	0	649	2158	0	1153	990	0	347	0	0	0	0	0	0	0	1282	420	0	0	0	0	558	899	0	0	248	0	0
H10-Placa-E2	226174883	CLA33F_17th	148.758	34.669	83.034	6.61851314297597	147	22.6208055527593	15.1833354264899	0.981807375886525	1.20024997396376	0.351658503401361	0.986016977777778	18.8690491849396	0.91927977079718	0	197	0	0	0	0	0	0	550	838	0	8328	0	121	66	1116	0	0	0	0	0	0	0	0	1569	0	0	0	398	0	0	0	7059	0	1115	0	0	0	0	15	0	0	0	1276	0	0	0	0	0	0	0	182	456	0	1417	0	0	256	0	0	0	0	0	0	0	1339	914	0	0	0	0	0	269	0	0	0	0	0
H11-Placa-E2	226179793	AGS29F_1st	17.16	4.968	5.276	7.37211517306229	271.1	46.5534613813298	27.8707800979403	0.970140141843972	2.19637580269558	0.396071871127633	0.991918337777778	28.8786275668492	0.913355578198742	248	451	0	66	0	0	0	0	1055	100	0	8037	0	0	137	175	48	362	0	0	89	0	159	17	319	0	387	0	193	0	0	0	348	0	706	0	0	0	0	0	624	0	170	466	0	0	0	0	27	0	0	428	3440	45	2476	311	0	293	0	425	0	0	0	0	0	224	1448	0	15	0	0	20	110	0	0	0	0	0
H2-Placa-E1	226185620	JCG30M_2nd	63.845	17.034	18.091	7.04444787206889	209.75	33.7806422550089	21.3190668659618	0.975730338849488	1.68198295671112	0.367492556634304	0.989655048888889	25.129031888438	0.916470095481849	0	1055	0	0	0	0	0	773	826	135	0	4247	0	129	82	421	31	99	0	0	0	0	198	0	1735	0	0	0	1364	0	0	0	3459	0	947	0	0	38	0	51	0	25	262	477	0	0	0	0	41	0	0	127	1145	0	775	724	0	736	0	638	0	0	0	0	0	2312	2527	0	0	0	0	250	65	0	0	140	0	0
H3-Placa-E2	216139345	KSE27F_1st	105.328	28.869	39.301	6.48175662369811	165	25.9355774523509	17.0552534927694	0.982836091410559	1.34721935853075	0.418866666666667	0.980847608888889	24.2694502418562	0.879917608160415	0	0	0	0	0	0	0	0	271	97	0	8846	0	47	0	101	38	67	0	0	0	0	0	0	789	0	123	0	69	0	0	0	1222	0	501	0	0	21	0	0	0	0	0	1257	0	0	0	0	0	0	0	412	1584	0	379	267	0	254	0	1366	0	0	0	0	0	692	673	0	0	0	0	81	1018	0	22	0	0	0
H4-Placa-E2	216142178	JMJ44M_6th	59.39	30.023	26.602	6.3214230478507	127	19.0387783674218	13.103426463957	0.985446524822695	1.03695065777821	0.392336482939633	0.983662951111111	22.622251860913	0.904522572010663	75	0	0	120	0	0	0	144	383	0	0	5444	0	33	38	0	0	25	0	0	0	0	0	0	28	0	62	178	88	0	0	0	884	0	567	0	0	0	0	0	186	0	0	38	0	0	0	0	0	0	0	146	1438	0	609	133	0	0	0	612	0	0	0	0	0	862	642	0	0	0	0	0	39	0	0	0	0	0
H5-Placa-E2	216143326	GFG29M_2nd	77.162	36.845	32.983	7.01265658693425	229.5	36.3480305221815	22.6710076916081	0.975959495665879	1.78812751223172	0.396866666666667	0.988173946666667	22.9213937520058	0.901974103364573	0	153	0	0	0	0	0	0	1658	827	0	9375	0	151	84	230	55	131	0	0	0	0	0	0	441	0	0	1185	111	0	0	0	1566	0	332	0	0	0	0	8	0	0	0	1007	0	0	0	0	0	484	0	310	2122	56	1135	0	0	0	0	3655	0	0	0	0	0	1231	1967	0	0	0	0	6	214	0	0	0	0	0
H6-Placa-E2	216146902	ATH27F_3rd	184.034	168.848	135.6	7.00450193536026	223.25	36.9457155951511	22.9829940359881	0.976516690307329	1.81262240965955	0.413295495495495	0.988601431111111	25.8642547534129	0.898656429867946	0	0	0	0	0	0	5	68	924	31	13	5391	0	0	0	106	0	208	0	36	0	0	0	0	186	0	221	0	115	0	0	0	2186	0	379	0	0	106	0	0	0	0	0	377	11	0	0	567	4	270	0	323	2328	23	957	244	0	943	0	8671	0	0	0	0	0	496	455	0	0	0	0	24	282	0	0	49	0	0
H7-Placa-E2	216152450	GFG29M_9th	118.59	62.809	91.858	6.7450571938912	201.2	32.803117436088	20.7990896253286	0.97962695035461	1.64115812766473	0.424000995024876	0.984481173333333	22.3626727496529	0.881585625890847	0	88	0	0	0	0	0	0	1177	62	0	8012	0	58	87	189	21	100	0	0	0	0	0	0	141	0	0	793	112	0	0	0	1550	0	509	0	0	39	0	11	0	0	0	967	0	0	0	0	0	446	0	299	2072	0	669	0	0	0	0	8329	0	0	0	0	0	1518	703	0	0	0	0	15	789	0	0	0	0	0
H8-Placa-E2	226162822	CLA33F_9th	72.372	17.015	63.594	6.46786913280937	145	22.2576969026018	14.9753445302366	0.983833853427896	1.1839200423452	0.398652873563218	0.984403848888889	19.636349966113	0.900828833864235	2	43	0	0	0	0	0	0	740	26	0	11625	0	0	0	215	0	51	0	0	0	0	0	0	574	0	0	0	240	0	0	0	3013	0	469	0	0	73	0	39	0	0	0	1675	0	0	0	0	0	0	0	257	1006	0	1081	0	0	345	0	0	0	0	0	0	0	921	358	0	0	0	0	0	939	0	0	29	0	0
H9-Placa-E2	226170240	SPB34F_2nd	193.411	95.092	46.093	6.62309510598747	193	29.9045662859356	19.2391579034289	0.981851568163909	1.51868364052557	0.450215053763441	0.984347928888889	26.3788060788198	0.878492584110199	40	86	0	13	0	0	0	288	411	0	0	3421	0	0	47	10	0	58	0	45	0	0	0	0	78	0	177	57	107	0	0	0	1191	0	96	0	0	0	0	0	0	36	0	1253	0	0	0	0	15	0	0	266	1038	0	593	593	0	0	0	7446	0	0	0	0	0	979	151	0	0	0	0	0	759	0	20	0	0	0
